<?xml version="1.0" encoding="UTF-8"?>
<idempiere Name="GW_Sample_WebServices" Version="1.0" idempiereVersion="" DataBaseVersion="" Description="Sample data for the GardenWorld webservices" Author="" AuthorEmail="info@globalqss.com" CreatedDate="2013-07-15 22:54:44.008" UpdatedDate="2013-07-15 22:55:02.989" PackOutVersion="100" Client="11-GardenWorld-GardenWorld">
    <WS_WebServiceType type="table">
        <AD_Org_ID>0</AD_Org_ID>
        <AD_Table_ID reference="id">230</AD_Table_ID>
        <WS_WebServiceMethod_ID reference="id">50023</WS_WebServiceMethod_ID>
        <Description/>
        <Help/>
        <Name>GetListSalesRegions</Name>
        <WS_WebService_ID reference="id">50001</WS_WebService_ID>
        <WS_WebServiceType_UU>fea77209-0302-40e1-ad00-bb9c5367294f</WS_WebServiceType_UU>
        <Value>GetListSalesRegions</Value>
        <IsActive>true</IsActive>
    </WS_WebServiceType>
    <WS_WebServiceType type="table">
        <AD_Org_ID>0</AD_Org_ID>
        <AD_Table_ID reference="id">291</AD_Table_ID>
        <WS_WebServiceMethod_ID reference="id">50026</WS_WebServiceMethod_ID>
        <Description/>
        <Help/>
        <Name>DeleteBPartner</Name>
        <WS_WebService_ID reference="id">50001</WS_WebService_ID>
        <WS_WebServiceType_UU>eaee975a-cdce-4028-ae81-f492dbf40fe8</WS_WebServiceType_UU>
        <Value>DeleteBPartner</Value>
        <IsActive>true</IsActive>
    </WS_WebServiceType>
    <WS_WebServiceType type="table">
        <AD_Org_ID>0</AD_Org_ID>
        <AD_Table_ID reference="id">291</AD_Table_ID>
        <WS_WebServiceMethod_ID reference="id">50028</WS_WebServiceMethod_ID>
        <Description/>
        <Help/>
        <Name>QueryBPartner</Name>
        <WS_WebService_ID reference="id">50001</WS_WebService_ID>
        <WS_WebServiceType_UU>d661d17c-8931-4b55-baf5-5fd92eb9325c</WS_WebServiceType_UU>
        <Value>QueryBPartner</Value>
        <IsActive>true</IsActive>
    </WS_WebServiceType>
    <WS_WebServiceType type="table">
        <AD_Org_ID>0</AD_Org_ID>
        <AD_Table_ID reference="id">291</AD_Table_ID>
        <WS_WebServiceMethod_ID reference="id">50027</WS_WebServiceMethod_ID>
        <Description/>
        <Help/>
        <Name>ReadBPartner</Name>
        <WS_WebService_ID reference="id">50001</WS_WebService_ID>
        <WS_WebServiceType_UU>cced97cb-3990-4511-b38e-be804e564608</WS_WebServiceType_UU>
        <Value>ReadBPartner</Value>
        <IsActive>true</IsActive>
    </WS_WebServiceType>
    <WS_WebServiceType type="table">
        <AD_Org_ID>0</AD_Org_ID>
        <AD_Table_ID reference="id"/>
        <WS_WebServiceMethod_ID reference="id">50022</WS_WebServiceMethod_ID>
        <Description/>
        <Help/>
        <Name>RunStorageDetail</Name>
        <WS_WebService_ID reference="id">50001</WS_WebService_ID>
        <WS_WebServiceType_UU>872a5271-3f57-4ce4-8625-d393cedcbe19</WS_WebServiceType_UU>
        <Value>RunStorageDetail</Value>
        <IsActive>true</IsActive>
    </WS_WebServiceType>
    <WS_WebServiceType type="table">
        <AD_Org_ID>0</AD_Org_ID>
        <AD_Table_ID reference="id">259</AD_Table_ID>
        <WS_WebServiceMethod_ID reference="id">50021</WS_WebServiceMethod_ID>
        <Description/>
        <Help/>
        <Name>ActionCompleteOrder</Name>
        <WS_WebService_ID reference="id">50001</WS_WebService_ID>
        <WS_WebServiceType_UU>33243aa2-741f-43c7-8b3f-c1425517897c</WS_WebServiceType_UU>
        <Value>ActionCompleteOrder</Value>
        <IsActive>true</IsActive>
    </WS_WebServiceType>
    <WS_WebServiceType type="table">
        <AD_Org_ID>0</AD_Org_ID>
        <AD_Table_ID reference="id">291</AD_Table_ID>
        <WS_WebServiceMethod_ID reference="id">50025</WS_WebServiceMethod_ID>
        <Description/>
        <Help/>
        <Name>UpdateBPartner</Name>
        <WS_WebService_ID reference="id">50001</WS_WebService_ID>
        <WS_WebServiceType_UU>ce6c9e34-f84c-4200-8363-9a06dcb6eb6c</WS_WebServiceType_UU>
        <Value>UpdateBPartner</Value>
        <IsActive>true</IsActive>
    </WS_WebServiceType>
    <WS_WebServiceType type="table">
        <AD_Org_ID>0</AD_Org_ID>
        <AD_Table_ID reference="id"/>
        <WS_WebServiceMethod_ID reference="id">200001</WS_WebServiceMethod_ID>
        <Description/>
        <Help/>
        <Name>SyncOrder</Name>
        <WS_WebService_ID reference="id">200001</WS_WebService_ID>
        <WS_WebServiceType_UU>9464709a-db49-4eca-bcd5-74c65998a9ac</WS_WebServiceType_UU>
        <Value>SyncOrder</Value>
        <IsActive>true</IsActive>
    </WS_WebServiceType>
    <WS_WebServiceType type="table">
        <AD_Org_ID>0</AD_Org_ID>
        <AD_Table_ID reference="id">114</AD_Table_ID>
        <WS_WebServiceMethod_ID reference="id">50024</WS_WebServiceMethod_ID>
        <Description/>
        <Help/>
        <Name>CreateUpdateUser</Name>
        <WS_WebService_ID reference="id">50001</WS_WebService_ID>
        <WS_WebServiceType_UU>9d7cfd5f-8ee4-444a-8de9-43cad13afc1f</WS_WebServiceType_UU>
        <Value>CreateUpdateUser</Value>
        <IsActive>true</IsActive>
    </WS_WebServiceType>
    <WS_WebServiceType type="table">
        <AD_Org_ID>0</AD_Org_ID>
        <AD_Table_ID reference="id">162</AD_Table_ID>
        <WS_WebServiceMethod_ID reference="id">50024</WS_WebServiceMethod_ID>
        <Description/>
        <Help/>
        <Name>CreateUpdateLocation1</Name>
        <WS_WebService_ID reference="id">50001</WS_WebService_ID>
        <WS_WebServiceType_UU>662dd3ec-e052-4f18-a66e-65db28522665</WS_WebServiceType_UU>
        <Value>CreateUpdateLocation1</Value>
        <IsActive>true</IsActive>
    </WS_WebServiceType>
    <WS_WebServiceType type="table">
        <AD_Org_ID>0</AD_Org_ID>
        <AD_Table_ID reference="id">293</AD_Table_ID>
        <WS_WebServiceMethod_ID reference="id">50024</WS_WebServiceMethod_ID>
        <Description/>
        <Help/>
        <Name>CreateUpdateBPLocation</Name>
        <WS_WebService_ID reference="id">50001</WS_WebService_ID>
        <WS_WebServiceType_UU>1a5064be-bd06-434d-bfe3-9796e09e00dc</WS_WebServiceType_UU>
        <Value>CreateUpdateBPLocation</Value>
        <IsActive>true</IsActive>
    </WS_WebServiceType>
    <WS_WebServiceType type="table">
        <AD_Org_ID>0</AD_Org_ID>
        <AD_Table_ID reference="id">259</AD_Table_ID>
        <WS_WebServiceMethod_ID reference="id">50024</WS_WebServiceMethod_ID>
        <Description/>
        <Help/>
        <Name>createOrderRecord</Name>
        <WS_WebService_ID reference="id">50001</WS_WebService_ID>
        <WS_WebServiceType_UU>93bdc3fe-85de-4c8e-9170-287b1cc6c4a2</WS_WebServiceType_UU>
        <Value>createOrderRecord</Value>
        <IsActive>true</IsActive>
    </WS_WebServiceType>
    <WS_WebServiceType type="table">
        <AD_Org_ID>0</AD_Org_ID>
        <AD_Table_ID reference="id">260</AD_Table_ID>
        <WS_WebServiceMethod_ID reference="id">50024</WS_WebServiceMethod_ID>
        <Description/>
        <Help/>
        <Name>CreateOrderLine</Name>
        <WS_WebService_ID reference="id">50001</WS_WebService_ID>
        <WS_WebServiceType_UU>031db2c6-8801-4b08-8696-7385048cae03</WS_WebServiceType_UU>
        <Value>CreateOrderLine</Value>
        <IsActive>true</IsActive>
    </WS_WebServiceType>
    <WS_WebServiceType type="table">
        <AD_Org_ID>0</AD_Org_ID>
        <AD_Table_ID reference="id">259</AD_Table_ID>
        <WS_WebServiceMethod_ID reference="id">50021</WS_WebServiceMethod_ID>
        <Description/>
        <Help/>
        <Name>CompleteOrder</Name>
        <WS_WebService_ID reference="id">50001</WS_WebService_ID>
        <WS_WebServiceType_UU>0dbbd62d-dd0a-40ad-9877-603e02883da2</WS_WebServiceType_UU>
        <Value>CompleteOrder</Value>
        <IsActive>true</IsActive>
    </WS_WebServiceType>
    <WS_WebService_Para type="table">
        <AD_Org_ID>0</AD_Org_ID>
        <ConstantValue>144</ConstantValue>
        <WS_WebServiceType_ID reference="uuid" reference-key="WS_WebServiceType">fea77209-0302-40e1-ad00-bb9c5367294f</WS_WebServiceType_ID>
        <ParameterName>AD_Reference_ID</ParameterName>
        <ParameterType>C</ParameterType>
        <WS_WebService_Para_UU>29710eda-c179-4f77-ac33-c1787dcd58f8</WS_WebService_Para_UU>
        <IsActive>true</IsActive>
    </WS_WebService_Para>
    <WS_WebService_Para type="table">
        <AD_Org_ID>0</AD_Org_ID>
        <ConstantValue/>
        <WS_WebServiceType_ID reference="uuid" reference-key="WS_WebServiceType">eaee975a-cdce-4028-ae81-f492dbf40fe8</WS_WebServiceType_ID>
        <ParameterName>RecordID</ParameterName>
        <ParameterType>F</ParameterType>
        <WS_WebService_Para_UU>8135bd37-a9bf-4488-a9b7-f1ce8f2d7be1</WS_WebService_Para_UU>
        <IsActive>true</IsActive>
    </WS_WebService_Para>
    <WS_WebService_Para type="table">
        <AD_Org_ID>0</AD_Org_ID>
        <ConstantValue>C_BPartner</ConstantValue>
        <WS_WebServiceType_ID reference="uuid" reference-key="WS_WebServiceType">eaee975a-cdce-4028-ae81-f492dbf40fe8</WS_WebServiceType_ID>
        <ParameterName>TableName</ParameterName>
        <ParameterType>C</ParameterType>
        <WS_WebService_Para_UU>4c003876-654f-40ee-b5d5-9f85a0e59141</WS_WebService_Para_UU>
        <IsActive>true</IsActive>
    </WS_WebService_Para>
    <WS_WebService_Para type="table">
        <AD_Org_ID>0</AD_Org_ID>
        <ConstantValue>Delete</ConstantValue>
        <WS_WebServiceType_ID reference="uuid" reference-key="WS_WebServiceType">eaee975a-cdce-4028-ae81-f492dbf40fe8</WS_WebServiceType_ID>
        <ParameterName>Action</ParameterName>
        <ParameterType>C</ParameterType>
        <WS_WebService_Para_UU>6f1193d0-5715-45db-b448-7e384b0ec8c9</WS_WebService_Para_UU>
        <IsActive>true</IsActive>
    </WS_WebService_Para>
    <WS_WebService_Para type="table">
        <AD_Org_ID>0</AD_Org_ID>
        <ConstantValue>C_BPartner</ConstantValue>
        <WS_WebServiceType_ID reference="uuid" reference-key="WS_WebServiceType">d661d17c-8931-4b55-baf5-5fd92eb9325c</WS_WebServiceType_ID>
        <ParameterName>TableName</ParameterName>
        <ParameterType>C</ParameterType>
        <WS_WebService_Para_UU>9a4f309e-def5-46ac-8dbd-7609df6ecfd6</WS_WebService_Para_UU>
        <IsActive>true</IsActive>
    </WS_WebService_Para>
    <WS_WebService_Para type="table">
        <AD_Org_ID>0</AD_Org_ID>
        <ConstantValue/>
        <WS_WebServiceType_ID reference="uuid" reference-key="WS_WebServiceType">d661d17c-8931-4b55-baf5-5fd92eb9325c</WS_WebServiceType_ID>
        <ParameterName>RecordID</ParameterName>
        <ParameterType>F</ParameterType>
        <WS_WebService_Para_UU>dc07fe13-821f-4cb6-8cf3-10a88f29943a</WS_WebService_Para_UU>
        <IsActive>true</IsActive>
    </WS_WebService_Para>
    <WS_WebService_Para type="table">
        <AD_Org_ID>0</AD_Org_ID>
        <ConstantValue/>
        <WS_WebServiceType_ID reference="uuid" reference-key="WS_WebServiceType">d661d17c-8931-4b55-baf5-5fd92eb9325c</WS_WebServiceType_ID>
        <ParameterName>Filter</ParameterName>
        <ParameterType>F</ParameterType>
        <WS_WebService_Para_UU>c579fa54-02a3-436f-b7fe-44fb5e0d7782</WS_WebService_Para_UU>
        <IsActive>true</IsActive>
    </WS_WebService_Para>
    <WS_WebService_Para type="table">
        <AD_Org_ID>0</AD_Org_ID>
        <ConstantValue>Read</ConstantValue>
        <WS_WebServiceType_ID reference="uuid" reference-key="WS_WebServiceType">d661d17c-8931-4b55-baf5-5fd92eb9325c</WS_WebServiceType_ID>
        <ParameterName>Action</ParameterName>
        <ParameterType>C</ParameterType>
        <WS_WebService_Para_UU>b51ca32b-3e9a-45b8-8c61-ab189d14a4fd</WS_WebService_Para_UU>
        <IsActive>true</IsActive>
    </WS_WebService_Para>
    <WS_WebService_Para type="table">
        <AD_Org_ID>0</AD_Org_ID>
        <ConstantValue>C_BPartner</ConstantValue>
        <WS_WebServiceType_ID reference="uuid" reference-key="WS_WebServiceType">cced97cb-3990-4511-b38e-be804e564608</WS_WebServiceType_ID>
        <ParameterName>TableName</ParameterName>
        <ParameterType>C</ParameterType>
        <WS_WebService_Para_UU>4a62c7ac-81dd-4cf7-bb0f-34d236c47865</WS_WebService_Para_UU>
        <IsActive>true</IsActive>
    </WS_WebService_Para>
    <WS_WebService_Para type="table">
        <AD_Org_ID>0</AD_Org_ID>
        <ConstantValue/>
        <WS_WebServiceType_ID reference="uuid" reference-key="WS_WebServiceType">cced97cb-3990-4511-b38e-be804e564608</WS_WebServiceType_ID>
        <ParameterName>RecordID</ParameterName>
        <ParameterType>F</ParameterType>
        <WS_WebService_Para_UU>0f4bb083-1ffc-4212-8f83-c1f96f9a109b</WS_WebService_Para_UU>
        <IsActive>true</IsActive>
    </WS_WebService_Para>
    <WS_WebService_Para type="table">
        <AD_Org_ID>0</AD_Org_ID>
        <ConstantValue>Read</ConstantValue>
        <WS_WebServiceType_ID reference="uuid" reference-key="WS_WebServiceType">cced97cb-3990-4511-b38e-be804e564608</WS_WebServiceType_ID>
        <ParameterName>Action</ParameterName>
        <ParameterType>C</ParameterType>
        <WS_WebService_Para_UU>d880373b-4ac8-4165-aad5-d210e299cd03</WS_WebService_Para_UU>
        <IsActive>true</IsActive>
    </WS_WebService_Para>
    <WS_WebService_Para type="table">
        <AD_Org_ID>0</AD_Org_ID>
        <ConstantValue/>
        <WS_WebServiceType_ID reference="uuid" reference-key="WS_WebServiceType">872a5271-3f57-4ce4-8625-d393cedcbe19</WS_WebServiceType_ID>
        <ParameterName>AD_Menu_ID</ParameterName>
        <ParameterType>F</ParameterType>
        <WS_WebService_Para_UU>49060eaa-c1de-4476-8211-5330b7748055</WS_WebService_Para_UU>
        <IsActive>true</IsActive>
    </WS_WebService_Para>
    <WS_WebService_Para type="table">
        <AD_Org_ID>0</AD_Org_ID>
        <ConstantValue>236</ConstantValue>
        <WS_WebServiceType_ID reference="uuid" reference-key="WS_WebServiceType">872a5271-3f57-4ce4-8625-d393cedcbe19</WS_WebServiceType_ID>
        <ParameterName>AD_Process_ID</ParameterName>
        <ParameterType>C</ParameterType>
        <WS_WebService_Para_UU>9f80bef5-7f03-4432-a1cc-484f178cefb2</WS_WebService_Para_UU>
        <IsActive>true</IsActive>
    </WS_WebService_Para>
    <WS_WebService_Para type="table">
        <AD_Org_ID>0</AD_Org_ID>
        <ConstantValue/>
        <WS_WebServiceType_ID reference="uuid" reference-key="WS_WebServiceType">872a5271-3f57-4ce4-8625-d393cedcbe19</WS_WebServiceType_ID>
        <ParameterName>AD_Record_ID</ParameterName>
        <ParameterType>F</ParameterType>
        <WS_WebService_Para_UU>e60dfeeb-28e5-4f4e-a1e9-95a2eb527641</WS_WebService_Para_UU>
        <IsActive>true</IsActive>
    </WS_WebService_Para>
    <WS_WebService_Para type="table">
        <AD_Org_ID>0</AD_Org_ID>
        <ConstantValue>C_Order</ConstantValue>
        <WS_WebServiceType_ID reference="uuid" reference-key="WS_WebServiceType">33243aa2-741f-43c7-8b3f-c1425517897c</WS_WebServiceType_ID>
        <ParameterName>tableName</ParameterName>
        <ParameterType>C</ParameterType>
        <WS_WebService_Para_UU>b01194a7-3e13-458d-b5e1-d57412843804</WS_WebService_Para_UU>
        <IsActive>true</IsActive>
    </WS_WebService_Para>
    <WS_WebService_Para type="table">
        <AD_Org_ID>0</AD_Org_ID>
        <ConstantValue/>
        <WS_WebServiceType_ID reference="uuid" reference-key="WS_WebServiceType">33243aa2-741f-43c7-8b3f-c1425517897c</WS_WebServiceType_ID>
        <ParameterName>recordID</ParameterName>
        <ParameterType>F</ParameterType>
        <WS_WebService_Para_UU>6add5e07-eea1-4b33-a99c-17e489b0c5f1</WS_WebService_Para_UU>
        <IsActive>true</IsActive>
    </WS_WebService_Para>
    <WS_WebService_Para type="table">
        <AD_Org_ID>0</AD_Org_ID>
        <ConstantValue>CO</ConstantValue>
        <WS_WebServiceType_ID reference="uuid" reference-key="WS_WebServiceType">33243aa2-741f-43c7-8b3f-c1425517897c</WS_WebServiceType_ID>
        <ParameterName>docAction</ParameterName>
        <ParameterType>C</ParameterType>
        <WS_WebService_Para_UU>ce211094-cc21-40d8-9863-78a449e4939b</WS_WebService_Para_UU>
        <IsActive>true</IsActive>
    </WS_WebService_Para>
    <WS_WebService_Para type="table">
        <AD_Org_ID>0</AD_Org_ID>
        <ConstantValue>C_BPartner</ConstantValue>
        <WS_WebServiceType_ID reference="uuid" reference-key="WS_WebServiceType">ce6c9e34-f84c-4200-8363-9a06dcb6eb6c</WS_WebServiceType_ID>
        <ParameterName>TableName</ParameterName>
        <ParameterType>C</ParameterType>
        <WS_WebService_Para_UU>ab64c5e1-a9a2-481f-a7f0-f4a85d9f2c1a</WS_WebService_Para_UU>
        <IsActive>true</IsActive>
    </WS_WebService_Para>
    <WS_WebService_Para type="table">
        <AD_Org_ID>0</AD_Org_ID>
        <ConstantValue/>
        <WS_WebServiceType_ID reference="uuid" reference-key="WS_WebServiceType">ce6c9e34-f84c-4200-8363-9a06dcb6eb6c</WS_WebServiceType_ID>
        <ParameterName>RecordID</ParameterName>
        <ParameterType>F</ParameterType>
        <WS_WebService_Para_UU>d19ba0d3-7519-4aef-948e-aefb1e78bdfe</WS_WebService_Para_UU>
        <IsActive>true</IsActive>
    </WS_WebService_Para>
    <WS_WebService_Para type="table">
        <AD_Org_ID>0</AD_Org_ID>
        <ConstantValue>Update</ConstantValue>
        <WS_WebServiceType_ID reference="uuid" reference-key="WS_WebServiceType">ce6c9e34-f84c-4200-8363-9a06dcb6eb6c</WS_WebServiceType_ID>
        <ParameterName>Action</ParameterName>
        <ParameterType>C</ParameterType>
        <WS_WebService_Para_UU>0d0bdc39-d69d-446f-9dc3-56650da25c5a</WS_WebService_Para_UU>
        <IsActive>true</IsActive>
    </WS_WebService_Para>
    <WS_WebService_Para type="table">
        <AD_Org_ID>0</AD_Org_ID>
        <ConstantValue>AD_User</ConstantValue>
        <WS_WebServiceType_ID reference="uuid" reference-key="WS_WebServiceType">9d7cfd5f-8ee4-444a-8de9-43cad13afc1f</WS_WebServiceType_ID>
        <ParameterName>TableName</ParameterName>
        <ParameterType>C</ParameterType>
        <WS_WebService_Para_UU>7da295b8-85f1-435f-8e71-f1e9743a3079</WS_WebService_Para_UU>
        <IsActive>true</IsActive>
    </WS_WebService_Para>
    <WS_WebService_Para type="table">
        <AD_Org_ID>0</AD_Org_ID>
        <ConstantValue/>
        <WS_WebServiceType_ID reference="uuid" reference-key="WS_WebServiceType">9d7cfd5f-8ee4-444a-8de9-43cad13afc1f</WS_WebServiceType_ID>
        <ParameterName>RecordID</ParameterName>
        <ParameterType>F</ParameterType>
        <WS_WebService_Para_UU>3b72feb0-4489-482b-8077-88f242eb3514</WS_WebService_Para_UU>
        <IsActive>true</IsActive>
    </WS_WebService_Para>
    <WS_WebService_Para type="table">
        <AD_Org_ID>0</AD_Org_ID>
        <ConstantValue>CreateUpdate</ConstantValue>
        <WS_WebServiceType_ID reference="uuid" reference-key="WS_WebServiceType">9d7cfd5f-8ee4-444a-8de9-43cad13afc1f</WS_WebServiceType_ID>
        <ParameterName>Action</ParameterName>
        <ParameterType>C</ParameterType>
        <WS_WebService_Para_UU>083b2afb-4ebf-40ed-8719-747e3330163b</WS_WebService_Para_UU>
        <IsActive>true</IsActive>
    </WS_WebService_Para>
    <WS_WebService_Para type="table">
        <AD_Org_ID>0</AD_Org_ID>
        <ConstantValue>C_Location</ConstantValue>
        <WS_WebServiceType_ID reference="uuid" reference-key="WS_WebServiceType">662dd3ec-e052-4f18-a66e-65db28522665</WS_WebServiceType_ID>
        <ParameterName>TableName</ParameterName>
        <ParameterType>C</ParameterType>
        <WS_WebService_Para_UU>f73743eb-062b-42e4-a6f1-0ecf71e1c2c2</WS_WebService_Para_UU>
        <IsActive>true</IsActive>
    </WS_WebService_Para>
    <WS_WebService_Para type="table">
        <AD_Org_ID>0</AD_Org_ID>
        <ConstantValue/>
        <WS_WebServiceType_ID reference="uuid" reference-key="WS_WebServiceType">662dd3ec-e052-4f18-a66e-65db28522665</WS_WebServiceType_ID>
        <ParameterName>RecordID</ParameterName>
        <ParameterType>F</ParameterType>
        <WS_WebService_Para_UU>2ee6b319-a9d6-457b-9cb4-8620496f70d8</WS_WebService_Para_UU>
        <IsActive>true</IsActive>
    </WS_WebService_Para>
    <WS_WebService_Para type="table">
        <AD_Org_ID>0</AD_Org_ID>
        <ConstantValue>CreateUpdate</ConstantValue>
        <WS_WebServiceType_ID reference="uuid" reference-key="WS_WebServiceType">662dd3ec-e052-4f18-a66e-65db28522665</WS_WebServiceType_ID>
        <ParameterName>Action</ParameterName>
        <ParameterType>C</ParameterType>
        <WS_WebService_Para_UU>d9c807c2-b205-4c69-9200-ec9cf160d699</WS_WebService_Para_UU>
        <IsActive>true</IsActive>
    </WS_WebService_Para>
    <WS_WebService_Para type="table">
        <AD_Org_ID>0</AD_Org_ID>
        <ConstantValue>C_BPartner_Location</ConstantValue>
        <WS_WebServiceType_ID reference="uuid" reference-key="WS_WebServiceType">1a5064be-bd06-434d-bfe3-9796e09e00dc</WS_WebServiceType_ID>
        <ParameterName>TableName</ParameterName>
        <ParameterType>C</ParameterType>
        <WS_WebService_Para_UU>f3f1e4d8-477e-43ae-a846-3b43bee25555</WS_WebService_Para_UU>
        <IsActive>true</IsActive>
    </WS_WebService_Para>
    <WS_WebService_Para type="table">
        <AD_Org_ID>0</AD_Org_ID>
        <ConstantValue/>
        <WS_WebServiceType_ID reference="uuid" reference-key="WS_WebServiceType">1a5064be-bd06-434d-bfe3-9796e09e00dc</WS_WebServiceType_ID>
        <ParameterName>RecordID</ParameterName>
        <ParameterType>F</ParameterType>
        <WS_WebService_Para_UU>ca135727-c0a9-4422-b584-bd04d0887d3d</WS_WebService_Para_UU>
        <IsActive>true</IsActive>
    </WS_WebService_Para>
    <WS_WebService_Para type="table">
        <AD_Org_ID>0</AD_Org_ID>
        <ConstantValue>CreateUpdate</ConstantValue>
        <WS_WebServiceType_ID reference="uuid" reference-key="WS_WebServiceType">1a5064be-bd06-434d-bfe3-9796e09e00dc</WS_WebServiceType_ID>
        <ParameterName>Action</ParameterName>
        <ParameterType>C</ParameterType>
        <WS_WebService_Para_UU>cf8fdb24-4371-4297-a294-60085502be46</WS_WebService_Para_UU>
        <IsActive>true</IsActive>
    </WS_WebService_Para>
    <WS_WebService_Para type="table">
        <AD_Org_ID>0</AD_Org_ID>
        <ConstantValue>C_Order</ConstantValue>
        <WS_WebServiceType_ID reference="uuid" reference-key="WS_WebServiceType">93bdc3fe-85de-4c8e-9170-287b1cc6c4a2</WS_WebServiceType_ID>
        <ParameterName>TableName</ParameterName>
        <ParameterType>C</ParameterType>
        <WS_WebService_Para_UU>e28ff5f4-a6de-4e23-a602-9ded14337567</WS_WebService_Para_UU>
        <IsActive>true</IsActive>
    </WS_WebService_Para>
    <WS_WebService_Para type="table">
        <AD_Org_ID>0</AD_Org_ID>
        <ConstantValue/>
        <WS_WebServiceType_ID reference="uuid" reference-key="WS_WebServiceType">93bdc3fe-85de-4c8e-9170-287b1cc6c4a2</WS_WebServiceType_ID>
        <ParameterName>RecordID</ParameterName>
        <ParameterType>F</ParameterType>
        <WS_WebService_Para_UU>6c5c88a8-c794-444a-8224-340cedfb17d0</WS_WebService_Para_UU>
        <IsActive>true</IsActive>
    </WS_WebService_Para>
    <WS_WebService_Para type="table">
        <AD_Org_ID>0</AD_Org_ID>
        <ConstantValue>CreateUpdate</ConstantValue>
        <WS_WebServiceType_ID reference="uuid" reference-key="WS_WebServiceType">93bdc3fe-85de-4c8e-9170-287b1cc6c4a2</WS_WebServiceType_ID>
        <ParameterName>Action</ParameterName>
        <ParameterType>C</ParameterType>
        <WS_WebService_Para_UU>45572361-2e59-459e-a1f0-eb0384f41087</WS_WebService_Para_UU>
        <IsActive>true</IsActive>
    </WS_WebService_Para>
    <WS_WebService_Para type="table">
        <AD_Org_ID>0</AD_Org_ID>
        <ConstantValue>C_OrderLine</ConstantValue>
        <WS_WebServiceType_ID reference="uuid" reference-key="WS_WebServiceType">031db2c6-8801-4b08-8696-7385048cae03</WS_WebServiceType_ID>
        <ParameterName>TableName</ParameterName>
        <ParameterType>C</ParameterType>
        <WS_WebService_Para_UU>30f64fbd-5bf2-4789-a7db-f3af0e0f0525</WS_WebService_Para_UU>
        <IsActive>true</IsActive>
    </WS_WebService_Para>
    <WS_WebService_Para type="table">
        <AD_Org_ID>0</AD_Org_ID>
        <ConstantValue/>
        <WS_WebServiceType_ID reference="uuid" reference-key="WS_WebServiceType">031db2c6-8801-4b08-8696-7385048cae03</WS_WebServiceType_ID>
        <ParameterName>RecordID</ParameterName>
        <ParameterType>F</ParameterType>
        <WS_WebService_Para_UU>3369d9eb-d724-4e89-b04b-8fc020500299</WS_WebService_Para_UU>
        <IsActive>true</IsActive>
    </WS_WebService_Para>
    <WS_WebService_Para type="table">
        <AD_Org_ID>0</AD_Org_ID>
        <ConstantValue>CreateUpdate</ConstantValue>
        <WS_WebServiceType_ID reference="uuid" reference-key="WS_WebServiceType">031db2c6-8801-4b08-8696-7385048cae03</WS_WebServiceType_ID>
        <ParameterName>Action</ParameterName>
        <ParameterType>C</ParameterType>
        <WS_WebService_Para_UU>9c766fc1-1e87-4549-bbc1-0d3d4a35bba6</WS_WebService_Para_UU>
        <IsActive>true</IsActive>
    </WS_WebService_Para>
    <WS_WebService_Para type="table">
        <AD_Org_ID>0</AD_Org_ID>
        <ConstantValue>C_Order</ConstantValue>
        <WS_WebServiceType_ID reference="uuid" reference-key="WS_WebServiceType">0dbbd62d-dd0a-40ad-9877-603e02883da2</WS_WebServiceType_ID>
        <ParameterName>tableName</ParameterName>
        <ParameterType>C</ParameterType>
        <WS_WebService_Para_UU>da582114-ec57-4dd9-829b-2e33613fbf58</WS_WebService_Para_UU>
        <IsActive>true</IsActive>
    </WS_WebService_Para>
    <WS_WebService_Para type="table">
        <AD_Org_ID>0</AD_Org_ID>
        <ConstantValue/>
        <WS_WebServiceType_ID reference="uuid" reference-key="WS_WebServiceType">0dbbd62d-dd0a-40ad-9877-603e02883da2</WS_WebServiceType_ID>
        <ParameterName>recordID</ParameterName>
        <ParameterType>F</ParameterType>
        <WS_WebService_Para_UU>99c825a7-4c51-48ad-8ee5-ba0b916309ec</WS_WebService_Para_UU>
        <IsActive>true</IsActive>
    </WS_WebService_Para>
    <WS_WebService_Para type="table">
        <AD_Org_ID>0</AD_Org_ID>
        <ConstantValue/>
        <WS_WebServiceType_ID reference="uuid" reference-key="WS_WebServiceType">0dbbd62d-dd0a-40ad-9877-603e02883da2</WS_WebServiceType_ID>
        <ParameterName>recordIDVariable</ParameterName>
        <ParameterType>F</ParameterType>
        <WS_WebService_Para_UU>16cfc3d6-c3d5-4595-9135-920fe6a13b54</WS_WebService_Para_UU>
        <IsActive>true</IsActive>
    </WS_WebService_Para>
    <WS_WebService_Para type="table">
        <AD_Org_ID>0</AD_Org_ID>
        <ConstantValue>CO</ConstantValue>
        <WS_WebServiceType_ID reference="uuid" reference-key="WS_WebServiceType">0dbbd62d-dd0a-40ad-9877-603e02883da2</WS_WebServiceType_ID>
        <ParameterName>docAction</ParameterName>
        <ParameterType>C</ParameterType>
        <WS_WebService_Para_UU>150d8389-b701-4602-815e-5d7ee98a50e8</WS_WebService_Para_UU>
        <IsActive>true</IsActive>
    </WS_WebService_Para>
    <WS_WebServiceTypeAccess type="table">
        <AD_Org_ID>0</AD_Org_ID>
        <AD_Role_ID reference="id">50004</AD_Role_ID>
        <WS_WebServiceTypeAccess_UU>3e26add4-68d0-434d-82a6-c484f4a5e775</WS_WebServiceTypeAccess_UU>
        <IsReadWrite>true</IsReadWrite>
        <WS_WebServiceType_ID reference="uuid" reference-key="WS_WebServiceType">031db2c6-8801-4b08-8696-7385048cae03</WS_WebServiceType_ID>
        <IsActive>true</IsActive>
        <WS_WebServiceTypeAccess_ID/>
    </WS_WebServiceTypeAccess>
    <WS_WebServiceTypeAccess type="table">
        <AD_Org_ID>0</AD_Org_ID>
        <AD_Role_ID reference="id">50004</AD_Role_ID>
        <WS_WebServiceTypeAccess_UU>08af23dd-3a98-4f03-9d90-7de5d099ec59</WS_WebServiceTypeAccess_UU>
        <IsReadWrite>true</IsReadWrite>
        <WS_WebServiceType_ID reference="uuid" reference-key="WS_WebServiceType">0dbbd62d-dd0a-40ad-9877-603e02883da2</WS_WebServiceType_ID>
        <IsActive>true</IsActive>
        <WS_WebServiceTypeAccess_ID/>
    </WS_WebServiceTypeAccess>
    <WS_WebServiceFieldInput type="table">
        <AD_Org_ID>0</AD_Org_ID>
        <WS_WebServiceType_ID reference="uuid" reference-key="WS_WebServiceType">d661d17c-8931-4b55-baf5-5fd92eb9325c</WS_WebServiceType_ID>
        <AD_Column_ID reference="id">4940</AD_Column_ID>
        <IdentifierLogic/>
        <ColumnName/>
        <IsIdentifier>false</IsIdentifier>
        <IsNullIdentifier>false</IsNullIdentifier>
        <WS_WebServiceFieldInput_UU>418a7a37-9802-4fb0-aec4-620040e4b197</WS_WebServiceFieldInput_UU>
        <AD_Reference_ID reference="id">19</AD_Reference_ID>
        <AD_Reference_Value_ID reference="id"/>
        <IsActive>true</IsActive>
    </WS_WebServiceFieldInput>
    <WS_WebServiceFieldInput type="table">
        <AD_Org_ID>0</AD_Org_ID>
        <WS_WebServiceType_ID reference="uuid" reference-key="WS_WebServiceType">ce6c9e34-f84c-4200-8363-9a06dcb6eb6c</WS_WebServiceType_ID>
        <AD_Column_ID reference="id">3081</AD_Column_ID>
        <IdentifierLogic/>
        <ColumnName/>
        <IsIdentifier>false</IsIdentifier>
        <IsNullIdentifier>false</IsNullIdentifier>
        <WS_WebServiceFieldInput_UU>b14f6ab4-903a-496c-8a86-135087514ed4</WS_WebServiceFieldInput_UU>
        <AD_Reference_ID reference="id">40</AD_Reference_ID>
        <AD_Reference_Value_ID reference="id"/>
        <IsActive>true</IsActive>
    </WS_WebServiceFieldInput>
    <WS_WebServiceFieldInput type="table">
        <AD_Org_ID>0</AD_Org_ID>
        <WS_WebServiceType_ID reference="uuid" reference-key="WS_WebServiceType">9d7cfd5f-8ee4-444a-8de9-43cad13afc1f</WS_WebServiceType_ID>
        <AD_Column_ID reference="id">8747</AD_Column_ID>
        <IdentifierLogic/>
        <ColumnName/>
        <IsIdentifier>false</IsIdentifier>
        <IsNullIdentifier>false</IsNullIdentifier>
        <WS_WebServiceFieldInput_UU>53d775ff-3abb-45de-87fa-90d3dcc1302c</WS_WebServiceFieldInput_UU>
        <AD_Reference_ID reference="id">10</AD_Reference_ID>
        <AD_Reference_Value_ID reference="id"/>
        <IsActive>true</IsActive>
    </WS_WebServiceFieldInput>
    <WS_WebServiceFieldInput type="table">
        <AD_Org_ID>0</AD_Org_ID>
        <WS_WebServiceType_ID reference="uuid" reference-key="WS_WebServiceType">9d7cfd5f-8ee4-444a-8de9-43cad13afc1f</WS_WebServiceType_ID>
        <AD_Column_ID reference="id">5844</AD_Column_ID>
        <IdentifierLogic/>
        <ColumnName/>
        <IsIdentifier>true</IsIdentifier>
        <IsNullIdentifier>false</IsNullIdentifier>
        <WS_WebServiceFieldInput_UU>be7e0467-711a-4446-b55e-5d60204a35ec</WS_WebServiceFieldInput_UU>
        <AD_Reference_ID reference="id">30</AD_Reference_ID>
        <AD_Reference_Value_ID reference="id"/>
        <IsActive>true</IsActive>
    </WS_WebServiceFieldInput>
    <WS_WebServiceFieldInput type="table">
        <AD_Org_ID>0</AD_Org_ID>
        <WS_WebServiceType_ID reference="uuid" reference-key="WS_WebServiceType">662dd3ec-e052-4f18-a66e-65db28522665</WS_WebServiceType_ID>
        <AD_Column_ID reference="id">818</AD_Column_ID>
        <IdentifierLogic/>
        <ColumnName/>
        <IsIdentifier>false</IsIdentifier>
        <IsNullIdentifier>false</IsNullIdentifier>
        <WS_WebServiceFieldInput_UU>37d99260-84e1-41d7-9249-bee183af2c85</WS_WebServiceFieldInput_UU>
        <AD_Reference_ID reference="id">10</AD_Reference_ID>
        <AD_Reference_Value_ID reference="id"/>
        <IsActive>true</IsActive>
    </WS_WebServiceFieldInput>
    <WS_WebServiceFieldInput type="table">
        <AD_Org_ID>0</AD_Org_ID>
        <WS_WebServiceType_ID reference="uuid" reference-key="WS_WebServiceType">662dd3ec-e052-4f18-a66e-65db28522665</WS_WebServiceType_ID>
        <AD_Column_ID reference="id">8214</AD_Column_ID>
        <IdentifierLogic/>
        <ColumnName/>
        <IsIdentifier>false</IsIdentifier>
        <IsNullIdentifier>false</IsNullIdentifier>
        <WS_WebServiceFieldInput_UU>951576d7-20e3-4f9f-aa9f-2ea938759975</WS_WebServiceFieldInput_UU>
        <AD_Reference_ID reference="id">10</AD_Reference_ID>
        <AD_Reference_Value_ID reference="id"/>
        <IsActive>true</IsActive>
    </WS_WebServiceFieldInput>
    <WS_WebServiceFieldInput type="table">
        <AD_Org_ID>0</AD_Org_ID>
        <WS_WebServiceType_ID reference="uuid" reference-key="WS_WebServiceType">662dd3ec-e052-4f18-a66e-65db28522665</WS_WebServiceType_ID>
        <AD_Column_ID reference="id">822</AD_Column_ID>
        <IdentifierLogic/>
        <ColumnName/>
        <IsIdentifier>false</IsIdentifier>
        <IsNullIdentifier>false</IsNullIdentifier>
        <WS_WebServiceFieldInput_UU>3d38460d-ccdd-4fcd-9f92-391afff0b7fc</WS_WebServiceFieldInput_UU>
        <AD_Reference_ID reference="id">10</AD_Reference_ID>
        <AD_Reference_Value_ID reference="id"/>
        <IsActive>true</IsActive>
    </WS_WebServiceFieldInput>
    <WS_WebServiceFieldInput type="table">
        <AD_Org_ID>0</AD_Org_ID>
        <WS_WebServiceType_ID reference="uuid" reference-key="WS_WebServiceType">662dd3ec-e052-4f18-a66e-65db28522665</WS_WebServiceType_ID>
        <AD_Column_ID reference="id">820</AD_Column_ID>
        <IdentifierLogic/>
        <ColumnName/>
        <IsIdentifier>true</IsIdentifier>
        <IsNullIdentifier>false</IsNullIdentifier>
        <WS_WebServiceFieldInput_UU>36185126-03e7-4b52-8076-25abc14473f3</WS_WebServiceFieldInput_UU>
        <AD_Reference_ID reference="id">19</AD_Reference_ID>
        <AD_Reference_Value_ID reference="id"/>
        <IsActive>true</IsActive>
    </WS_WebServiceFieldInput>
    <WS_WebServiceFieldInput type="table">
        <AD_Org_ID>0</AD_Org_ID>
        <WS_WebServiceType_ID reference="uuid" reference-key="WS_WebServiceType">662dd3ec-e052-4f18-a66e-65db28522665</WS_WebServiceType_ID>
        <AD_Column_ID reference="id">817</AD_Column_ID>
        <IdentifierLogic/>
        <ColumnName/>
        <IsIdentifier>true</IsIdentifier>
        <IsNullIdentifier>false</IsNullIdentifier>
        <WS_WebServiceFieldInput_UU>b4180938-7e2b-4d52-bf65-d7bc8c418513</WS_WebServiceFieldInput_UU>
        <AD_Reference_ID reference="id">10</AD_Reference_ID>
        <AD_Reference_Value_ID reference="id"/>
        <IsActive>true</IsActive>
    </WS_WebServiceFieldInput>
    <WS_WebServiceFieldInput type="table">
        <AD_Org_ID>0</AD_Org_ID>
        <WS_WebServiceType_ID reference="uuid" reference-key="WS_WebServiceType">662dd3ec-e052-4f18-a66e-65db28522665</WS_WebServiceType_ID>
        <AD_Column_ID reference="id">821</AD_Column_ID>
        <IdentifierLogic/>
        <ColumnName/>
        <IsIdentifier>true</IsIdentifier>
        <IsNullIdentifier>false</IsNullIdentifier>
        <WS_WebServiceFieldInput_UU>10358ca1-5e52-4828-9b22-cbb9a36b463d</WS_WebServiceFieldInput_UU>
        <AD_Reference_ID reference="id">19</AD_Reference_ID>
        <AD_Reference_Value_ID reference="id"/>
        <IsActive>true</IsActive>
    </WS_WebServiceFieldInput>
    <WS_WebServiceFieldInput type="table">
        <AD_Org_ID>0</AD_Org_ID>
        <WS_WebServiceType_ID reference="uuid" reference-key="WS_WebServiceType">662dd3ec-e052-4f18-a66e-65db28522665</WS_WebServiceType_ID>
        <AD_Column_ID reference="id">819</AD_Column_ID>
        <IdentifierLogic/>
        <ColumnName/>
        <IsIdentifier>true</IsIdentifier>
        <IsNullIdentifier>false</IsNullIdentifier>
        <WS_WebServiceFieldInput_UU>f022495e-ed7c-437c-aa83-11d661a8ccf8</WS_WebServiceFieldInput_UU>
        <AD_Reference_ID reference="id">10</AD_Reference_ID>
        <AD_Reference_Value_ID reference="id"/>
        <IsActive>true</IsActive>
    </WS_WebServiceFieldInput>
    <WS_WebServiceFieldInput type="table">
        <AD_Org_ID>0</AD_Org_ID>
        <WS_WebServiceType_ID reference="uuid" reference-key="WS_WebServiceType">1a5064be-bd06-434d-bfe3-9796e09e00dc</WS_WebServiceType_ID>
        <AD_Column_ID reference="id">3091</AD_Column_ID>
        <IdentifierLogic/>
        <ColumnName/>
        <IsIdentifier>false</IsIdentifier>
        <IsNullIdentifier>false</IsNullIdentifier>
        <WS_WebServiceFieldInput_UU>dc4357c9-ce46-4065-9b3a-7196f72b5aca</WS_WebServiceFieldInput_UU>
        <AD_Reference_ID reference="id">20</AD_Reference_ID>
        <AD_Reference_Value_ID reference="id"/>
        <IsActive>true</IsActive>
    </WS_WebServiceFieldInput>
    <WS_WebServiceFieldInput type="table">
        <AD_Org_ID>0</AD_Org_ID>
        <WS_WebServiceType_ID reference="uuid" reference-key="WS_WebServiceType">1a5064be-bd06-434d-bfe3-9796e09e00dc</WS_WebServiceType_ID>
        <AD_Column_ID reference="id">3090</AD_Column_ID>
        <IdentifierLogic/>
        <ColumnName/>
        <IsIdentifier>false</IsIdentifier>
        <IsNullIdentifier>false</IsNullIdentifier>
        <WS_WebServiceFieldInput_UU>bb621d7f-0c05-4be0-8819-e1b0bfc4e1f3</WS_WebServiceFieldInput_UU>
        <AD_Reference_ID reference="id">20</AD_Reference_ID>
        <AD_Reference_Value_ID reference="id"/>
        <IsActive>true</IsActive>
    </WS_WebServiceFieldInput>
    <WS_WebServiceFieldInput type="table">
        <AD_Org_ID>0</AD_Org_ID>
        <WS_WebServiceType_ID reference="uuid" reference-key="WS_WebServiceType">1a5064be-bd06-434d-bfe3-9796e09e00dc</WS_WebServiceType_ID>
        <AD_Column_ID reference="id">2958</AD_Column_ID>
        <IdentifierLogic/>
        <ColumnName/>
        <IsIdentifier>true</IsIdentifier>
        <IsNullIdentifier>false</IsNullIdentifier>
        <WS_WebServiceFieldInput_UU>8919631e-8f14-4224-980d-7c3187423f59</WS_WebServiceFieldInput_UU>
        <AD_Reference_ID reference="id">30</AD_Reference_ID>
        <AD_Reference_Value_ID reference="id"/>
        <IsActive>true</IsActive>
    </WS_WebServiceFieldInput>
    <WS_WebServiceFieldInput type="table">
        <AD_Org_ID>0</AD_Org_ID>
        <WS_WebServiceType_ID reference="uuid" reference-key="WS_WebServiceType">1a5064be-bd06-434d-bfe3-9796e09e00dc</WS_WebServiceType_ID>
        <AD_Column_ID reference="id">2959</AD_Column_ID>
        <IdentifierLogic/>
        <ColumnName/>
        <IsIdentifier>true</IsIdentifier>
        <IsNullIdentifier>false</IsNullIdentifier>
        <WS_WebServiceFieldInput_UU>503746c7-214d-4da3-93b1-73f0253e4601</WS_WebServiceFieldInput_UU>
        <AD_Reference_ID reference="id">30</AD_Reference_ID>
        <AD_Reference_Value_ID reference="id"/>
        <IsActive>true</IsActive>
    </WS_WebServiceFieldInput>
    <WS_WebServiceFieldInput type="table">
        <AD_Org_ID>0</AD_Org_ID>
        <WS_WebServiceType_ID reference="uuid" reference-key="WS_WebServiceType">9d7cfd5f-8ee4-444a-8de9-43cad13afc1f</WS_WebServiceType_ID>
        <AD_Column_ID reference="id">8746</AD_Column_ID>
        <IdentifierLogic/>
        <ColumnName/>
        <IsIdentifier>false</IsIdentifier>
        <IsNullIdentifier>false</IsNullIdentifier>
        <WS_WebServiceFieldInput_UU>75cfec7c-1c8c-47c3-a7e2-e90d025df176</WS_WebServiceFieldInput_UU>
        <AD_Reference_ID reference="id">30</AD_Reference_ID>
        <AD_Reference_Value_ID reference="id"/>
        <IsActive>true</IsActive>
    </WS_WebServiceFieldInput>
    <WS_WebServiceFieldInput type="table">
        <AD_Org_ID>0</AD_Org_ID>
        <WS_WebServiceType_ID reference="uuid" reference-key="WS_WebServiceType">9d7cfd5f-8ee4-444a-8de9-43cad13afc1f</WS_WebServiceType_ID>
        <AD_Column_ID reference="id">213</AD_Column_ID>
        <IdentifierLogic/>
        <ColumnName/>
        <IsIdentifier>false</IsIdentifier>
        <IsNullIdentifier>false</IsNullIdentifier>
        <WS_WebServiceFieldInput_UU>6b98410e-0d97-4df5-995f-b3137407c93a</WS_WebServiceFieldInput_UU>
        <AD_Reference_ID reference="id">10</AD_Reference_ID>
        <AD_Reference_Value_ID reference="id"/>
        <IsActive>true</IsActive>
    </WS_WebServiceFieldInput>
    <WS_WebServiceFieldInput type="table">
        <AD_Org_ID>0</AD_Org_ID>
        <WS_WebServiceType_ID reference="uuid" reference-key="WS_WebServiceType">9d7cfd5f-8ee4-444a-8de9-43cad13afc1f</WS_WebServiceType_ID>
        <AD_Column_ID reference="id">5396</AD_Column_ID>
        <IdentifierLogic/>
        <ColumnName/>
        <IsIdentifier>true</IsIdentifier>
        <IsNullIdentifier>false</IsNullIdentifier>
        <WS_WebServiceFieldInput_UU>55b65bbf-1baa-4f9b-8975-9b8c8f60fda6</WS_WebServiceFieldInput_UU>
        <AD_Reference_ID reference="id">10</AD_Reference_ID>
        <AD_Reference_Value_ID reference="id"/>
        <IsActive>true</IsActive>
    </WS_WebServiceFieldInput>
    <WS_WebServiceFieldInput type="table">
        <AD_Org_ID>0</AD_Org_ID>
        <WS_WebServiceType_ID reference="uuid" reference-key="WS_WebServiceType">93bdc3fe-85de-4c8e-9170-287b1cc6c4a2</WS_WebServiceType_ID>
        <AD_Column_ID reference="id">2202</AD_Column_ID>
        <IdentifierLogic/>
        <ColumnName/>
        <IsIdentifier>false</IsIdentifier>
        <IsNullIdentifier>false</IsNullIdentifier>
        <WS_WebServiceFieldInput_UU>beb0ca2d-fe12-4c70-8d8c-7ad201a1aa98</WS_WebServiceFieldInput_UU>
        <AD_Reference_ID reference="id">19</AD_Reference_ID>
        <AD_Reference_Value_ID reference="id"/>
        <IsActive>true</IsActive>
    </WS_WebServiceFieldInput>
    <WS_WebServiceFieldInput type="table">
        <AD_Org_ID>0</AD_Org_ID>
        <WS_WebServiceType_ID reference="uuid" reference-key="WS_WebServiceType">93bdc3fe-85de-4c8e-9170-287b1cc6c4a2</WS_WebServiceType_ID>
        <AD_Column_ID reference="id">2763</AD_Column_ID>
        <IdentifierLogic/>
        <ColumnName/>
        <IsIdentifier>false</IsIdentifier>
        <IsNullIdentifier>false</IsNullIdentifier>
        <WS_WebServiceFieldInput_UU>842c9da0-edad-48a4-ade4-533d7d877958</WS_WebServiceFieldInput_UU>
        <AD_Reference_ID reference="id">30</AD_Reference_ID>
        <AD_Reference_Value_ID reference="id"/>
        <IsActive>true</IsActive>
    </WS_WebServiceFieldInput>
    <WS_WebServiceFieldInput type="table">
        <AD_Org_ID>0</AD_Org_ID>
        <WS_WebServiceType_ID reference="uuid" reference-key="WS_WebServiceType">93bdc3fe-85de-4c8e-9170-287b1cc6c4a2</WS_WebServiceType_ID>
        <AD_Column_ID reference="id">2762</AD_Column_ID>
        <IdentifierLogic/>
        <ColumnName/>
        <IsIdentifier>false</IsIdentifier>
        <IsNullIdentifier>false</IsNullIdentifier>
        <WS_WebServiceFieldInput_UU>0ea2586c-eedf-400a-b365-b08276337585</WS_WebServiceFieldInput_UU>
        <AD_Reference_ID reference="id">30</AD_Reference_ID>
        <AD_Reference_Value_ID reference="id"/>
        <IsActive>true</IsActive>
    </WS_WebServiceFieldInput>
    <WS_WebServiceFieldInput type="table">
        <AD_Org_ID>0</AD_Org_ID>
        <WS_WebServiceType_ID reference="uuid" reference-key="WS_WebServiceType">93bdc3fe-85de-4c8e-9170-287b1cc6c4a2</WS_WebServiceType_ID>
        <AD_Column_ID reference="id">3400</AD_Column_ID>
        <IdentifierLogic/>
        <ColumnName/>
        <IsIdentifier>false</IsIdentifier>
        <IsNullIdentifier>false</IsNullIdentifier>
        <WS_WebServiceFieldInput_UU>4a064986-0c1d-4571-8932-da6e442fceea</WS_WebServiceFieldInput_UU>
        <AD_Reference_ID reference="id">30</AD_Reference_ID>
        <AD_Reference_Value_ID reference="id"/>
        <IsActive>true</IsActive>
    </WS_WebServiceFieldInput>
    <WS_WebServiceFieldInput type="table">
        <AD_Org_ID>0</AD_Org_ID>
        <WS_WebServiceType_ID reference="uuid" reference-key="WS_WebServiceType">93bdc3fe-85de-4c8e-9170-287b1cc6c4a2</WS_WebServiceType_ID>
        <AD_Column_ID reference="id">8764</AD_Column_ID>
        <IdentifierLogic/>
        <ColumnName/>
        <IsIdentifier>false</IsIdentifier>
        <IsNullIdentifier>false</IsNullIdentifier>
        <WS_WebServiceFieldInput_UU>ec9ce7de-76f9-4cea-8cb7-9c36ab5853bb</WS_WebServiceFieldInput_UU>
        <AD_Reference_ID reference="id">30</AD_Reference_ID>
        <AD_Reference_Value_ID reference="id">138</AD_Reference_Value_ID>
        <IsActive>true</IsActive>
    </WS_WebServiceFieldInput>
    <WS_WebServiceFieldInput type="table">
        <AD_Org_ID>0</AD_Org_ID>
        <WS_WebServiceType_ID reference="uuid" reference-key="WS_WebServiceType">93bdc3fe-85de-4c8e-9170-287b1cc6c4a2</WS_WebServiceType_ID>
        <AD_Column_ID reference="id">8766</AD_Column_ID>
        <IdentifierLogic/>
        <ColumnName/>
        <IsIdentifier>false</IsIdentifier>
        <IsNullIdentifier>false</IsNullIdentifier>
        <WS_WebServiceFieldInput_UU>7e14a339-5440-43c0-8c06-ca56c351c7b7</WS_WebServiceFieldInput_UU>
        <AD_Reference_ID reference="id">30</AD_Reference_ID>
        <AD_Reference_Value_ID reference="id">159</AD_Reference_Value_ID>
        <IsActive>true</IsActive>
    </WS_WebServiceFieldInput>
    <WS_WebServiceFieldInput type="table">
        <AD_Org_ID>0</AD_Org_ID>
        <WS_WebServiceType_ID reference="uuid" reference-key="WS_WebServiceType">93bdc3fe-85de-4c8e-9170-287b1cc6c4a2</WS_WebServiceType_ID>
        <AD_Column_ID reference="id">2195</AD_Column_ID>
        <IdentifierLogic/>
        <ColumnName/>
        <IsIdentifier>false</IsIdentifier>
        <IsNullIdentifier>false</IsNullIdentifier>
        <WS_WebServiceFieldInput_UU>d550f808-961c-48fd-a21f-1259e73693ac</WS_WebServiceFieldInput_UU>
        <AD_Reference_ID reference="id">12</AD_Reference_ID>
        <AD_Reference_Value_ID reference="id"/>
        <IsActive>true</IsActive>
    </WS_WebServiceFieldInput>
    <WS_WebServiceFieldInput type="table">
        <AD_Org_ID>0</AD_Org_ID>
        <WS_WebServiceType_ID reference="uuid" reference-key="WS_WebServiceType">93bdc3fe-85de-4c8e-9170-287b1cc6c4a2</WS_WebServiceType_ID>
        <AD_Column_ID reference="id">2169</AD_Column_ID>
        <IdentifierLogic/>
        <ColumnName/>
        <IsIdentifier>true</IsIdentifier>
        <IsNullIdentifier>false</IsNullIdentifier>
        <WS_WebServiceFieldInput_UU>6a347178-12d5-44ed-abf8-a62eeb02f7f3</WS_WebServiceFieldInput_UU>
        <AD_Reference_ID reference="id">10</AD_Reference_ID>
        <AD_Reference_Value_ID reference="id"/>
        <IsActive>true</IsActive>
    </WS_WebServiceFieldInput>
    <WS_WebServiceFieldInput type="table">
        <AD_Org_ID>0</AD_Org_ID>
        <WS_WebServiceType_ID reference="uuid" reference-key="WS_WebServiceType">93bdc3fe-85de-4c8e-9170-287b1cc6c4a2</WS_WebServiceType_ID>
        <AD_Column_ID reference="id">2173</AD_Column_ID>
        <IdentifierLogic/>
        <ColumnName/>
        <IsIdentifier>true</IsIdentifier>
        <IsNullIdentifier>false</IsNullIdentifier>
        <WS_WebServiceFieldInput_UU>8347d3e0-5c6f-41df-a4a3-1ec15c8a8c58</WS_WebServiceFieldInput_UU>
        <AD_Reference_ID reference="id">18</AD_Reference_ID>
        <AD_Reference_Value_ID reference="id">172</AD_Reference_Value_ID>
        <IsActive>true</IsActive>
    </WS_WebServiceFieldInput>
    <WS_WebServiceFieldInput type="table">
        <AD_Org_ID>0</AD_Org_ID>
        <WS_WebServiceType_ID reference="uuid" reference-key="WS_WebServiceType">031db2c6-8801-4b08-8696-7385048cae03</WS_WebServiceType_ID>
        <AD_Column_ID reference="id">2207</AD_Column_ID>
        <IdentifierLogic/>
        <ColumnName/>
        <IsIdentifier>false</IsIdentifier>
        <IsNullIdentifier>false</IsNullIdentifier>
        <WS_WebServiceFieldInput_UU>3fe0fa30-1c3d-4fc5-8e21-da8338d26ec8</WS_WebServiceFieldInput_UU>
        <AD_Reference_ID reference="id">19</AD_Reference_ID>
        <AD_Reference_Value_ID reference="id"/>
        <IsActive>true</IsActive>
    </WS_WebServiceFieldInput>
    <WS_WebServiceFieldInput type="table">
        <AD_Org_ID>0</AD_Org_ID>
        <WS_WebServiceType_ID reference="uuid" reference-key="WS_WebServiceType">031db2c6-8801-4b08-8696-7385048cae03</WS_WebServiceType_ID>
        <AD_Column_ID reference="id">2206</AD_Column_ID>
        <IdentifierLogic/>
        <ColumnName/>
        <IsIdentifier>false</IsIdentifier>
        <IsNullIdentifier>false</IsNullIdentifier>
        <WS_WebServiceFieldInput_UU>3e86191f-d0fd-4e86-8a00-709c3cfdaea7</WS_WebServiceFieldInput_UU>
        <AD_Reference_ID reference="id">19</AD_Reference_ID>
        <AD_Reference_Value_ID reference="id"/>
        <IsActive>true</IsActive>
    </WS_WebServiceFieldInput>
    <WS_WebServiceFieldInput type="table">
        <AD_Org_ID>0</AD_Org_ID>
        <WS_WebServiceType_ID reference="uuid" reference-key="WS_WebServiceType">031db2c6-8801-4b08-8696-7385048cae03</WS_WebServiceType_ID>
        <AD_Column_ID reference="id">2221</AD_Column_ID>
        <IdentifierLogic/>
        <ColumnName/>
        <IsIdentifier>false</IsIdentifier>
        <IsNullIdentifier>false</IsNullIdentifier>
        <WS_WebServiceFieldInput_UU>a955b742-6f7c-43b4-8300-66a927d95251</WS_WebServiceFieldInput_UU>
        <AD_Reference_ID reference="id">30</AD_Reference_ID>
        <AD_Reference_Value_ID reference="id"/>
        <IsActive>true</IsActive>
    </WS_WebServiceFieldInput>
    <WS_WebServiceFieldInput type="table">
        <AD_Org_ID>0</AD_Org_ID>
        <WS_WebServiceType_ID reference="uuid" reference-key="WS_WebServiceType">031db2c6-8801-4b08-8696-7385048cae03</WS_WebServiceType_ID>
        <AD_Column_ID reference="id">12876</AD_Column_ID>
        <IdentifierLogic/>
        <ColumnName/>
        <IsIdentifier>false</IsIdentifier>
        <IsNullIdentifier>false</IsNullIdentifier>
        <WS_WebServiceFieldInput_UU>c9ff9967-d907-4a58-b02f-fc0a70c44de2</WS_WebServiceFieldInput_UU>
        <AD_Reference_ID reference="id">29</AD_Reference_ID>
        <AD_Reference_Value_ID reference="id"/>
        <IsActive>true</IsActive>
    </WS_WebServiceFieldInput>
    <WS_WebServiceFieldInput type="table">
        <AD_Org_ID>0</AD_Org_ID>
        <WS_WebServiceType_ID reference="uuid" reference-key="WS_WebServiceType">031db2c6-8801-4b08-8696-7385048cae03</WS_WebServiceType_ID>
        <AD_Column_ID reference="id">2224</AD_Column_ID>
        <IdentifierLogic/>
        <ColumnName/>
        <IsIdentifier>false</IsIdentifier>
        <IsNullIdentifier>false</IsNullIdentifier>
        <WS_WebServiceFieldInput_UU>1124a810-d67f-424f-b757-756fe05a9f87</WS_WebServiceFieldInput_UU>
        <AD_Reference_ID reference="id">29</AD_Reference_ID>
        <AD_Reference_Value_ID reference="id"/>
        <IsActive>true</IsActive>
    </WS_WebServiceFieldInput>
    <WS_WebServiceFieldInput type="table">
        <AD_Org_ID>0</AD_Org_ID>
        <WS_WebServiceType_ID reference="uuid" reference-key="WS_WebServiceType">031db2c6-8801-4b08-8696-7385048cae03</WS_WebServiceType_ID>
        <AD_Column_ID reference="id">12875</AD_Column_ID>
        <IdentifierLogic/>
        <ColumnName/>
        <IsIdentifier>false</IsIdentifier>
        <IsNullIdentifier>false</IsNullIdentifier>
        <WS_WebServiceFieldInput_UU>b98baa51-b069-4add-b7fc-140b234a3f16</WS_WebServiceFieldInput_UU>
        <AD_Reference_ID reference="id">37</AD_Reference_ID>
        <AD_Reference_Value_ID reference="id"/>
        <IsActive>true</IsActive>
    </WS_WebServiceFieldInput>
    <WS_WebServiceFieldInput type="table">
        <AD_Org_ID>0</AD_Org_ID>
        <WS_WebServiceType_ID reference="uuid" reference-key="WS_WebServiceType">031db2c6-8801-4b08-8696-7385048cae03</WS_WebServiceType_ID>
        <AD_Column_ID reference="id">2232</AD_Column_ID>
        <IdentifierLogic/>
        <ColumnName/>
        <IsIdentifier>false</IsIdentifier>
        <IsNullIdentifier>false</IsNullIdentifier>
        <WS_WebServiceFieldInput_UU>536f8344-5a23-4db5-b9e3-b4e88a84e221</WS_WebServiceFieldInput_UU>
        <AD_Reference_ID reference="id">37</AD_Reference_ID>
        <AD_Reference_Value_ID reference="id"/>
        <IsActive>true</IsActive>
    </WS_WebServiceFieldInput>
    <WS_WebServiceFieldInput type="table">
        <AD_Org_ID>0</AD_Org_ID>
        <WS_WebServiceType_ID reference="uuid" reference-key="WS_WebServiceType">031db2c6-8801-4b08-8696-7385048cae03</WS_WebServiceType_ID>
        <AD_Column_ID reference="id">2213</AD_Column_ID>
        <IdentifierLogic/>
        <ColumnName/>
        <IsIdentifier>true</IsIdentifier>
        <IsNullIdentifier>false</IsNullIdentifier>
        <WS_WebServiceFieldInput_UU>c556f0d7-07a3-4bbb-b99b-8a8106df7ee2</WS_WebServiceFieldInput_UU>
        <AD_Reference_ID reference="id">30</AD_Reference_ID>
        <AD_Reference_Value_ID reference="id"/>
        <IsActive>true</IsActive>
    </WS_WebServiceFieldInput>
    <WS_WebServiceFieldInput type="table">
        <AD_Org_ID>0</AD_Org_ID>
        <WS_WebServiceType_ID reference="uuid" reference-key="WS_WebServiceType">031db2c6-8801-4b08-8696-7385048cae03</WS_WebServiceType_ID>
        <AD_Column_ID reference="id">2214</AD_Column_ID>
        <IdentifierLogic/>
        <ColumnName/>
        <IsIdentifier>true</IsIdentifier>
        <IsNullIdentifier>false</IsNullIdentifier>
        <WS_WebServiceFieldInput_UU>fbb1fd90-f0fd-4b84-a39b-89c3f7fad768</WS_WebServiceFieldInput_UU>
        <AD_Reference_ID reference="id">11</AD_Reference_ID>
        <AD_Reference_Value_ID reference="id"/>
        <IsActive>true</IsActive>
    </WS_WebServiceFieldInput>
    <WS_WebServiceFieldOutput type="table">
        <AD_Org_ID>0</AD_Org_ID>
        <AD_Column_ID reference="id">2023</AD_Column_ID>
        <WS_WebServiceType_ID reference="uuid" reference-key="WS_WebServiceType">fea77209-0302-40e1-ad00-bb9c5367294f</WS_WebServiceType_ID>
        <WS_WebServiceFieldOutput_UU>aa535760-dc53-4a36-946d-b1021444b278</WS_WebServiceFieldOutput_UU>
        <IsActive>true</IsActive>
    </WS_WebServiceFieldOutput>
    <WS_WebServiceFieldOutput type="table">
        <AD_Org_ID>0</AD_Org_ID>
        <AD_Column_ID reference="id">1831</AD_Column_ID>
        <WS_WebServiceType_ID reference="uuid" reference-key="WS_WebServiceType">fea77209-0302-40e1-ad00-bb9c5367294f</WS_WebServiceType_ID>
        <WS_WebServiceFieldOutput_UU>6591d6bd-139b-48d7-8680-225b448f1ff2</WS_WebServiceFieldOutput_UU>
        <IsActive>true</IsActive>
    </WS_WebServiceFieldOutput>
    <WS_WebServiceFieldOutput type="table">
        <AD_Org_ID>0</AD_Org_ID>
        <AD_Column_ID reference="id">2901</AD_Column_ID>
        <WS_WebServiceType_ID reference="uuid" reference-key="WS_WebServiceType">d661d17c-8931-4b55-baf5-5fd92eb9325c</WS_WebServiceType_ID>
        <WS_WebServiceFieldOutput_UU>2c46a214-6199-419e-bd77-35dd3ecddd65</WS_WebServiceFieldOutput_UU>
        <IsActive>true</IsActive>
    </WS_WebServiceFieldOutput>
    <WS_WebServiceFieldOutput type="table">
        <AD_Org_ID>0</AD_Org_ID>
        <AD_Column_ID reference="id">2902</AD_Column_ID>
        <WS_WebServiceType_ID reference="uuid" reference-key="WS_WebServiceType">d661d17c-8931-4b55-baf5-5fd92eb9325c</WS_WebServiceType_ID>
        <WS_WebServiceFieldOutput_UU>df758306-5e1c-4385-9d44-0b8e806a7304</WS_WebServiceFieldOutput_UU>
        <IsActive>true</IsActive>
    </WS_WebServiceFieldOutput>
    <WS_WebServiceFieldOutput type="table">
        <AD_Org_ID>0</AD_Org_ID>
        <AD_Column_ID reference="id">2909</AD_Column_ID>
        <WS_WebServiceType_ID reference="uuid" reference-key="WS_WebServiceType">d661d17c-8931-4b55-baf5-5fd92eb9325c</WS_WebServiceType_ID>
        <WS_WebServiceFieldOutput_UU>530ef24b-0482-418c-a741-f85caa673632</WS_WebServiceFieldOutput_UU>
        <IsActive>true</IsActive>
    </WS_WebServiceFieldOutput>
    <WS_WebServiceFieldOutput type="table">
        <AD_Org_ID>0</AD_Org_ID>
        <AD_Column_ID reference="id">2901</AD_Column_ID>
        <WS_WebServiceType_ID reference="uuid" reference-key="WS_WebServiceType">cced97cb-3990-4511-b38e-be804e564608</WS_WebServiceType_ID>
        <WS_WebServiceFieldOutput_UU>36622958-90a5-4f08-8899-21cddef90c9c</WS_WebServiceFieldOutput_UU>
        <IsActive>true</IsActive>
    </WS_WebServiceFieldOutput>
    <WS_WebServiceFieldOutput type="table">
        <AD_Org_ID>0</AD_Org_ID>
        <AD_Column_ID reference="id">2902</AD_Column_ID>
        <WS_WebServiceType_ID reference="uuid" reference-key="WS_WebServiceType">cced97cb-3990-4511-b38e-be804e564608</WS_WebServiceType_ID>
        <WS_WebServiceFieldOutput_UU>e5d984a0-d648-4508-8a20-c923bc2fea1e</WS_WebServiceFieldOutput_UU>
        <IsActive>true</IsActive>
    </WS_WebServiceFieldOutput>
    <WS_WebServiceFieldOutput type="table">
        <AD_Org_ID>0</AD_Org_ID>
        <AD_Column_ID reference="id">2909</AD_Column_ID>
        <WS_WebServiceType_ID reference="uuid" reference-key="WS_WebServiceType">cced97cb-3990-4511-b38e-be804e564608</WS_WebServiceType_ID>
        <WS_WebServiceFieldOutput_UU>e8e4fa68-7e6c-472d-b44f-f65ffdc13a8e</WS_WebServiceFieldOutput_UU>
        <IsActive>true</IsActive>
    </WS_WebServiceFieldOutput>
    <AD_Process_Access type="table">
        <AD_Org_ID>0</AD_Org_ID>
        <AD_Process_ID reference="id">236</AD_Process_ID>
        <AD_Role_ID reference="id">50004</AD_Role_ID>
        <AD_Process_Access_UU>9d657d6d-c9df-4383-ad7e-88be666e154c</AD_Process_Access_UU>
        <IsReadWrite>true</IsReadWrite>
        <IsActive>true</IsActive>
    </AD_Process_Access>
</idempiere>
