<?xml version="1.0" encoding="UTF-8"?>
<?xml-stylesheet type="text/css" href="idempiereDocument.css"?>

<idempiereDocument>
    <header>GW_Sample_WebServices Package Description</header>
    <H1>Package Name:</H1>
    <packagename>GW_Sample_WebServices</packagename>
    <H1>Author:</H1>
    <Name:/>
    <H1>Email Address:</H1>
    <Email>info@globalqss.com</Email>
    <H1>Created:</H1>
    <Date>2013-07-15 22:54:44.008</Date>
    <H1>Updated:</H1>
    <Date>2013-07-15 22:55:02.989</Date>
    <H1>Description:</H1>
    <description>Sample data for the GardenWorld webservices</description>
    <H1>Instructions:</H1>
    <instructions/>
    <H1>Files in Package:</H1>
    <file>File: PackOut.xml</file>
    <filedirectory>Directory: \dict\</filedirectory>
    <filenotes>Notes: Contains all application/object settings for package</filenotes>
    <H1>Client:</H1>
    <Client>11-GardenWorld-GardenWorld</Client>
</idempiereDocument>
